one-tea-fremont-2,One Tea,one-tea-fremont-2@oxy.edu,46809 Warm Springs Blvd
royaltea-usa-fremont,Royaltea USA,royaltea-usa-fremont@oxy.edu,38509 Fremont Blvd
teco-tea-and-coffee-bar-fremont,TECO Tea & Coffee Bar,teco-tea-and-coffee-bar-fremont@bobalover.com,39030 Paseo Padre Pkwy
t-lab-fremont-3,T-LAB,t-lab-fremont-3@oxy.edu,34133 Fremont Blvd
q-tea-monster-newark,Q-Tea Monster,q-tea-monster-newark@bobalover.com,39181 Cedar Blvd
gong-cha-fremont,Gong Cha,gong-cha-fremont@oxy.edu,46827 Warm Springs Blvd
happy-lemon-fremont-2,Happy Lemon,happy-lemon-fremont-2@yahoo.com,46873 Warm Spring Blvd
factory-tea-bar-fremont-2,Factory Tea Bar,factory-tea-bar-fremont-2@bobalover.com,46461 Mission Blvd
super-cue-cafe-fremont,Super Cue Cafe,super-cue-cafe-fremont@aol.com,43743 Boscell Rd
milk-and-honey-cafe-fremont,Milk and Honey Cafe,milk-and-honey-cafe-fremont@bobalover.com,34265 Fremont Blvd
tea-island-fremont-2,Tea Island,tea-island-fremont-2@yahoo.com,46196 Warm Springs Blvd
taro-taro-dessert-and-tea-house-fremont,Taro Taro Dessert & Tea House,taro-taro-dessert-and-tea-house-fremont@oxy.edu,6018 Stevenson Blvd
i-tea-fremont-2,i-Tea,i-tea-fremont-2@yahoo.com,43421 Christy St
i-tea-newark,i-Tea,i-tea-newark@yahoo.com,34925 Newark Blvd
sharetea-fremont-2,Sharetea,sharetea-fremont-2@oxy.edu,3948 Washington Blvd
urbain-tea-fremont,uRbain tea,urbain-tea-fremont@gmail.com,1590 Washington Blvd
mandro-teahouse-newark-3,MandRo Teahouse,mandro-teahouse-newark-3@oxy.edu,34956 Newark Blvd
gong-cha-newark,Gong Cha,gong-cha-newark@aol.com,39730 Cedar Blvd
tea-six-fremont-2,Tea Six,tea-six-fremont-2@yahoo.com,34460 Fremont Blvd
tata-teahouse-fremont-2,Tata Teahouse,tata-teahouse-fremont-2@bobalover.com,39230 Argonaut Way
tea-station-newark,Tea Station,tea-station-newark@aol.com,39115 Cedar Blvd
sno-crave-tea-house-fremont,Sno-Crave Tea House,sno-crave-tea-house-fremont@gmail.com,43773 Boscell Rd
boba-queen-fremont,Boba Queen,boba-queen-fremont@yahoo.com,34420 Fremont Blvd
t4-tea-fremont-2,T4 Tea,t4-tea-fremont-2@oxy.edu,43430 Mission Blvd
boba-fitt-drinks-union-city,Boba Fitt Drinks,boba-fitt-drinks-union-city@gmail.com,31877 Alvarado Blvd
sweet-home-cafe-fremont-2,Sweet Home Cafe,sweet-home-cafe-fremont-2@bobalover.com,6068 Stevenson Blvd
tea-era-mountain-view-2,Tea Era,tea-era-mountain-view-2@yahoo.com,271 Castro St
teaspoon-los-altos,Teaspoon,teaspoon-los-altos@aol.com,4546 El Camino Real
t4-fremont-8,T4,t4-fremont-8@aol.com,46132 Warm Springs Blvd
my-delights-fremont,My Delights,my-delights-fremont@yahoo.com,43486 Ellsworth St
t4-fremont-3,T4,t4-fremont-3@aol.com,36400 Fremont Blvd
sno-crave-teahouse-union-city,Sno-Crave Teahouse,sno-crave-teahouse-union-city@oxy.edu,1788 Decoto Rd
sharetea-union-city-3,Sharetea,sharetea-union-city-3@aol.com,34391 Alvarado Niles Rd
tastea-san-jose-2,Tastea,tastea-san-jose-2@oxy.edu,1160 N Capitol Ave
i-tea-castro-valley,i-Tea,i-tea-castro-valley@yahoo.com,20666 Redwood Rd
caface-newark-2,CaFace,caface-newark-2@oxy.edu,6180 Jarvis Ave
tea-villa-milpitas,Tea Villa,tea-villa-milpitas@oxy.edu,1679 N Milpitas Blvd
mr-green-bubble-union-city,Mr Green Bubble,mr-green-bubble-union-city@gmail.com,1644 Decoto Rd
pop-tea-bar-palo-alto-2,Pop Tea Bar,pop-tea-bar-palo-alto-2@gmail.com,456 Cambridge Ave
i-tea-milpitas,i-Tea,i-tea-milpitas@bobalover.com,760 E Calaveras Blvd
joy-4-tea-union-city,Joy 4 Tea,joy-4-tea-union-city@yahoo.com,32148 Alvarado Blvd
sweet-coco-fremont-3,Sweet CoCo,sweet-coco-fremont-3@bobalover.com,46164 Warm Springs Blvd
icy-blue-fremont,Icy Blue,icy-blue-fremont@bobalover.com,43360 Mission Blvd
teatop-milpitas,TeaTop,teatop-milpitas@oxy.edu,82 Ranch Dr
ten-ren-tea-co-of-milpitas-milpitas,Ten Ren Tea Co of Milpitas,ten-ren-tea-co-of-milpitas-milpitas@oxy.edu,1732 N Milpitas Blvd
fantasia-coffee-and-tea-milpitas-2,Fantasia Coffee & Tea,fantasia-coffee-and-tea-milpitas-2@aol.com,528 Barber Ln
tapioca-express-union-city-2,Tapioca Express,tapioca-express-union-city-2@bobalover.com,1707 Decoto Rd
gong-cha-palo-alto,Gong Cha,gong-cha-palo-alto@oxy.edu,439 Waverley St
sharetea-san-leandro-3,Sharetea,sharetea-san-leandro-3@oxy.edu,699 Lewelling Blvd
boba-guys-san-francisco-6,Boba Guys,boba-guys-san-francisco-6@oxy.edu,429 Stockton St
boba-guys-san-francisco-4,Boba Guys,boba-guys-san-francisco-4@oxy.edu,3491 19th St
wonderful-dessert-and-cafe-san-francisco-2,Wonderful Dessert & Cafe,wonderful-dessert-and-cafe-san-francisco-2@bobalover.com,2035 Irving St
little-sweet-san-francisco-10,Little Sweet,little-sweet-san-francisco-10@oxy.edu,3836 Geary Blvd
teaspoon-san-francisco,Teaspoon,teaspoon-san-francisco@gmail.com,2125 Polk St
boba-guys-san-francisco-10,Boba Guys,boba-guys-san-francisco-10@bobalover.com,1522 Fillmore St
i-tea-san-francisco-3,i-Tea,i-tea-san-francisco-3@yahoo.com,253 Kearny St
boba-guys-san-francisco-7,Boba Guys,boba-guys-san-francisco-7@oxy.edu,8 Octavia St
plentea-san-francisco-san-francisco,Plentea - San Francisco,plentea-san-francisco-san-francisco@gmail.com,341 Kearny St
steap-tea-bar-san-francisco-3,Steap Tea Bar,steap-tea-bar-san-francisco-3@aol.com,827 Sacramento St
purple-kow-san-francisco-2,Purple Kow,purple-kow-san-francisco-2@aol.com,3620 Balboa St
omg-tea-san-francisco,OMG Tea,omg-tea-san-francisco@gmail.com,2891 San Bruno Ave
asha-tea-house-san-francisco,Asha Tea House,asha-tea-house-san-francisco@gmail.com,17 Kearny St
super-cue-cafe-san-francisco,Super Cue Cafe,super-cue-cafe-san-francisco@bobalover.com,1139 Taraval St
boba-guys-san-francisco-15,Boba Guys,boba-guys-san-francisco-15@yahoo.com,1002 16th St
infinitea-san-francisco,InfiniTea,infinitea-san-francisco@aol.com,5351 Geary Blvd
steep-san-francisco-2,STEEP,steep-san-francisco-2@bobalover.com,240 Ritch St
mr-t-cafe-san-francisco,Mr. T Cafe,mr-t-cafe-san-francisco@gmail.com,4689 Mission St
tpumps-san-francisco,Tpumps,tpumps-san-francisco@aol.com,1916 Irving St
tj-cups-san-francisco-5,TJ Cups,tj-cups-san-francisco-5@oxy.edu,2437 Noriega St
wondertea-san-francisco-4,Wondertea,wondertea-san-francisco-4@oxy.edu,2250 Irving St
the-boba-shop-san-francisco-4,The Boba Shop,the-boba-shop-san-francisco-4@bobalover.com,2071 3rd St
steep-creamery-and-tea-san-francisco,STEEP Creamery & Tea,steep-creamery-and-tea-san-francisco@gmail.com,270 Brannan St
bubblecup-san-francisco-2,Bubblecup,bubblecup-san-francisco-2@bobalover.com,1900 Clement St
sweet-a-little-san-francisco-12,Sweet A Little,sweet-a-little-san-francisco-12@oxy.edu,
tea-hut-san-francisco-2,Tea Hut,tea-hut-san-francisco-2@bobalover.com,2815 California St
i-tea-san-francisco-2,i-Tea,i-tea-san-francisco-2@yahoo.com,2150 Irving St
tancca-san-francisco-3,Tancca,tancca-san-francisco-3@aol.com,5015 Geary Blvd
sharetea-san-francisco-3,Sharetea,sharetea-san-francisco-3@bobalover.com,135 4th St
mi-tea-san-francisco,Mi-Tea,mi-tea-san-francisco@gmail.com,645 Irving St
bb-tea-station-san-francisco-3,BB Tea Station,bb-tea-station-san-francisco-3@oxy.edu,1314 Noriega St
tea-fm-san-francisco-3,Tea FM,tea-fm-san-francisco-3@gmail.com,1353 Taraval St
keep-it-san-francisco-6,Keep it,keep-it-san-francisco-6@aol.com,1170 Powell St
mr-and-mrs-tea-house-san-francisco,Mr & Mrs Tea House,mr-and-mrs-tea-house-san-francisco@gmail.com,544 Clement
e-tea-san-francisco,E Tea,e-tea-san-francisco@gmail.com,5344 Geary Blvd
gosu-san-francisco,Gosu,gosu-san-francisco@yahoo.com,1014 Clement St
homeplate-boba-san-francisco,Homeplate Boba,homeplate-boba-san-francisco@oxy.edu,131-155 King St
cuppa-san-francisco,Cuppa,cuppa-san-francisco@oxy.edu,2810 Diamond St
super-cue-cafe-san-francisco-2,Super Cue Cafe,super-cue-cafe-san-francisco-2@oxy.edu,1330 Ocean Ave
puppy-bobar-san-francisco,Puppy Bobar,puppy-bobar-san-francisco@yahoo.com,1142 Grant Ave
cool-tea-bar-san-francisco-4,Cool Tea Bar,cool-tea-bar-san-francisco-4@yahoo.com,103 Waverly Pl
little-heaven-deli-san-francisco,Little Heaven Deli,little-heaven-deli-san-francisco@bobalover.com,2348 Mission St
5-sweets-san-francisco,5 Sweets,5-sweets-san-francisco@gmail.com,1125 Ocean Ave 102
good-earth-cafe-san-francisco-2,Good Earth Cafe,good-earth-cafe-san-francisco-2@bobalover.com,835 Kearny St
sweethut-san-francisco,Sweethut,sweethut-san-francisco@bobalover.com,519 Clement St
frostea-daly-city-2,FrosTea,frostea-daly-city-2@bobalover.com,6178 Mission St
teaone-san-francisco-5,Teaone,teaone-san-francisco-5@yahoo.com,5336 Geary Blvd
fifty-fifty-coffee-and-tea-san-francisco,Fifty / Fifty Coffee and Tea,fifty-fifty-coffee-and-tea-san-francisco@bobalover.com,3157 Geary Blvd
honey-creme-and-tea-san-francisco,Honey Creme &Tea,honey-creme-and-tea-san-francisco@oxy.edu,839 Irving St
bambu-san-francisco-3,BAMBU,bambu-san-francisco-3@oxy.edu,6050 Geary Blvd
i-tea-oakland,i-Tea,i-tea-oakland@gmail.com,388 9th St
mr-green-bubble-oakland,Mr Green Bubble,mr-green-bubble-oakland@gmail.com,4299 Piedmont Ave
t-and-bowl-oakland,T&Bowl,t-and-bowl-oakland@aol.com,901 Franklin St
u-cha-berkeley,U Cha,u-cha-berkeley@gmail.com,2199 Bancroft Way
the-sweet-booth-oakland,The Sweet Booth,the-sweet-booth-oakland@gmail.com,388 9th St
asha-tea-house-berkeley,Asha Tea House,asha-tea-house-berkeley@yahoo.com,2086 University Ave
i-tea-alameda,i-Tea,i-tea-alameda@aol.com,1626 Park St
t4-oakland,T4,t4-oakland@oxy.edu,1068 Webster St
wing-man-oakland-3,Wing Man,wing-man-oakland-3@gmail.com,5295 College Ave
sharetea-berkeley,Sharetea,sharetea-berkeley@aol.com,2440 Bancroft Way
happy-lemon-berkeley-berkeley,Happy Lemon Berkeley,happy-lemon-berkeley-berkeley@yahoo.com,2106 Shattuck Ave
milk-tea-lab-pleasant-hill,Milk Tea Lab,milk-tea-lab-pleasant-hill@oxy.edu,1972 Contra Costa Blvd
boba-ninja-berkeley,Boba Ninja,boba-ninja-berkeley@gmail.com,2519B Durant Ave
sharetea-alameda-4,Sharetea,sharetea-alameda-4@gmail.com,2670 5th St
purple-kow-berkeley-2,Purple Kow,purple-kow-berkeley-2@oxy.edu,2164 Center St
teaway-alameda,Teaway,teaway-alameda@bobalover.com,2402 Central Ave
i-tea-walnut-creek-3,i-Tea,i-tea-walnut-creek-3@bobalover.com,1245 N Broadway
sweetheart-cafe-oakland,Sweetheart Cafe,sweetheart-cafe-oakland@bobalover.com,315 9th St
gelato-firenze-and-qtea-bar-oakland,Gelato Firenze and QTea Bar,gelato-firenze-and-qtea-bar-oakland@aol.com,478 Lake Park Ave
tea-delight-alameda-2,Tea Delight,tea-delight-alameda-2@oxy.edu,650 Central Ave
quickly-oakland-4,Quickly,quickly-oakland-4@bobalover.com,1243 33rd Ave
i-tea-san-leandro-2,i-Tea,i-tea-san-leandro-2@oxy.edu,177 Pelton Ctr Way
50-tea-oakland,50 Tea,50-tea-oakland@yahoo.com,1004 Webster St
tea-press-berkeley-2,Tea Press,tea-press-berkeley-2@aol.com,2552 Bancroft Way
taiwan-bento-oakland-4,Taiwan Bento,taiwan-bento-oakland-4@gmail.com,412 22nd St
u-tea-cafe-oakland,U Tea Cafe,u-tea-cafe-oakland@aol.com,1728 A Franklin St
t4-alameda-2,T4,t4-alameda-2@oxy.edu,1431 A Park St
teazzert-alameda,Teazzert,teazzert-alameda@oxy.edu,1342 Park St
qteabar-oakland,QTeaBar,qteabar-oakland@yahoo.com,478 Lake Park Ave
the-burrow-brisbane-4,The Burrow,the-burrow-brisbane-4@yahoo.com,109 Visitacion
sweet-belly-oakland,Sweet Belly,sweet-belly-oakland@yahoo.com,435 19th St
sancha-bar-oakland-3,Sancha Bar,sancha-bar-oakland-3@gmail.com,251 9th St
alice-street-bakery-café-oakland-2,Alice Street Bakery Café,alice-street-bakery-café-oakland-2@yahoo.com,251 10th St
t4-san-leandro,T4,t4-san-leandro@yahoo.com,1443 E 14th St
quickly-oakland-5,Quickly,quickly-oakland-5@gmail.com,3306 Lakeshore Ave
bubble-tea-share-time-berkeley,Bubble Tea Share Time,bubble-tea-share-time-berkeley@gmail.com,1938 Shattuck Ave
shooting-star-cafe-oakland,Shooting Star Cafe,shooting-star-cafe-oakland@oxy.edu,1022 Webster St
pekoe-san-jose,Pekoe,pekoe-san-jose@gmail.com,3276 S White Rd
tea-lyfe-drinks-san-jose-3,Tea Lyfe Drinks,tea-lyfe-drinks-san-jose-3@oxy.edu,989 Story Rd
teahee-san-jose,Teahee,teahee-san-jose@aol.com,979 Story Rd
boba-pub-san-jose,Boba Pub,boba-pub-san-jose@aol.com,1576 Branham Ln
teaspoon-san-jose-2,Teaspoon,teaspoon-san-jose-2@gmail.com,4328 Moorpark Ave
passion-t-snacks-and-desserts-san-jose,Passion-T Snacks and Desserts,passion-t-snacks-and-desserts-san-jose@aol.com,2266 Senter Rd
pop-up-tea-coffee-and-snacks-san-jose,"Pop Up Tea, Coffee & Snacks",pop-up-tea-coffee-and-snacks-san-jose@aol.com,185 Branham Ln
happy-lemon-san-jose-5,Happy Lemon,happy-lemon-san-jose-5@oxy.edu,3005 Silver Creek Rd
boba-bar-san-jose-3,Boba Bar,boba-bar-san-jose-3@aol.com,310 S 3rd St
sinceretea-san-jose-2,Sinceretea,sinceretea-san-jose-2@gmail.com,392 E Taylor St
bobateani-san-jose,Bobateani,bobateani-san-jose@oxy.edu,75 E Santa Clara St
soyful-desserts-san-jose-2,Soyful Desserts,soyful-desserts-san-jose-2@aol.com,999 Story Rd
one-tea-san-jose-4,One Tea,one-tea-san-jose-4@yahoo.com,231 E Santa Clara St
i-tea-san-jose,i-Tea,i-tea-san-jose@bobalover.com,2936 Aborn Square Rd
the-tea-zone-and-fruit-bar-san-jose,The Tea Zone & Fruit Bar,the-tea-zone-and-fruit-bar-san-jose@bobalover.com,980 S Winchester Blvd
createave-cafe-san-jose-4,Createave Cafe,createave-cafe-san-jose-4@oxy.edu,1698 Hostetter Rd
tleaf-teapresso-san-jose-3,Tleaf Teapresso,tleaf-teapresso-san-jose-3@yahoo.com,860 Blossom Hill Rd
katea-san-jose,Katea,katea-san-jose@oxy.edu,5700 Village Oaks Dr
teatop-san-jose-2,TeaTop,teatop-san-jose-2@oxy.edu,6158 Bollinger Rd
bubbly-san-jose-4,Bubbly,bubbly-san-jose-4@gmail.com,1816 Tully Rd
vampire-penguin-featuring-jastea-san-jose,Vampire Penguin featuring Jastea,vampire-penguin-featuring-jastea-san-jose@yahoo.com,2671 Cropley Ave
simply-boba-san-jose,Simply Boba,simply-boba-san-jose@oxy.edu,3005 Silver Creek Rd
happy-lemon-cupertino,Happy Lemon,happy-lemon-cupertino@yahoo.com,20488 Stevens Creek Blvd
amor-cafe-and-tea-san-jose,Amor Cafe and Tea,amor-cafe-and-tea-san-jose@oxy.edu,110 E San Fernando St
shincha-tea-san-jose-3,Shincha Tea,shincha-tea-san-jose-3@bobalover.com,2487 Alvin Ave
sharetea-santa-clara-3,Sharetea,sharetea-santa-clara-3@gmail.com,1171 Homestead Rd
chatime-san-jose-san-jose-3,ChaTime San Jose,chatime-san-jose-san-jose-3@aol.com,311 N Capitol Ave
pure-tea-bar-san-jose,Pure Tea Bar,pure-tea-bar-san-jose@oxy.edu,6195 Santa Teresa Blvd
t-spot-boba-drinks-and-snacks-san-jose,T Spot Boba Drinks & Snacks,t-spot-boba-drinks-and-snacks-san-jose@aol.com,2520 Berryessa Rd
meow-tea-san-jose,Meow Tea,meow-tea-san-jose@yahoo.com,2857 Senter Rd
fantasia-coffee-and-tea-san-jose-4,Fantasia Coffee & Tea,fantasia-coffee-and-tea-san-jose-4@aol.com,378 Santana Row
monster-boba-cupertino-3,Monster Boba,monster-boba-cupertino-3@gmail.com,10787 S Blaney Ave
teasociety-san-jose,Teasociety,teasociety-san-jose@yahoo.com,1658 E Capitol Expy
bfresh-snacks-and-drinks-san-jose,BFresh Snacks & Drinks,bfresh-snacks-and-drinks-san-jose@bobalover.com,3005 Silver Creek Rd
beibay-tea-san-jose,BeiBay Tea,beibay-tea-san-jose@bobalover.com,1180 Blossom Hill Rd
gong-cha-san-jose-19,Gong Cha,gong-cha-san-jose-19@gmail.com,1701 Lundy Ave
sweet-gelato-tea-lounge-san-jose,Sweet Gelato Tea Lounge,sweet-gelato-tea-lounge-san-jose@oxy.edu,979 Story Rd
sharetea-san-jose-3,Sharetea,sharetea-san-jose-3@bobalover.com,1728 Hostetter Rd
gong-cha-san-jose-8,Gong Cha,gong-cha-san-jose-8@yahoo.com,1600 Saratoga Ave
soyful-desserts-san-jose-8,Soyful Desserts,soyful-desserts-san-jose-8@bobalover.com,3005 Silver Creek Rd
oooh-san-jose-4,Oooh,oooh-san-jose-4@yahoo.com,1783 E Capitol Expwy
the-tea-zone-lounge-san-jose,The Tea Zone Lounge,the-tea-zone-lounge-san-jose@bobalover.com,403 N Capitol Ave
the-moo-bar-santa-clara,The Moo Bar,the-moo-bar-santa-clara@oxy.edu,1080 Kiely Blvd
tapioca-express-san-jose-8,Tapioca Express,tapioca-express-san-jose-8@oxy.edu,81 Curtner Ave
purple-kow-san-jose-4,Purple Kow,purple-kow-san-jose-4@aol.com,2435 S King Rd
heritage-eats-napa,Heritage Eats,heritage-eats-napa@bobalover.com,3824 Bel Aire Plz
yobelle-napa-2,YoBelle,yobelle-napa-2@oxy.edu,1000 Main St
morimoto-napa-napa,Morimoto Napa,morimoto-napa-napa@yahoo.com,610 Main St
napa-noodles-napa,Napa Noodles,napa-noodles-napa@gmail.com,1124 1st St
crave-cafe-and-catering-american-canyon,Crave Cafe & Catering,crave-cafe-and-catering-american-canyon@yahoo.com,3419 Broadway St
quickly-american-canyon-3,Quickly,quickly-american-canyon-3@bobalover.com,410 Napa Junction Rd
top-that-frozen-yogurt-sonoma,Top That Frozen Yogurt,top-that-frozen-yogurt-sonoma@aol.com,531 Broadway Ave
over-the-top-shop-frozen-yogurt-american-canyon,Over The Top Shop Frozen Yogurt,over-the-top-shop-frozen-yogurt-american-canyon@bobalover.com,5075 Main St
sushi-grill-vallejo,Sushi Grill,sushi-grill-vallejo@yahoo.com,5184 Sonoma Blvd
palm-thai-bistro-fairfield,Palm Thai Bistro,palm-thai-bistro-fairfield@gmail.com,5089 Business Center Dr
green-bamboo-restaurant-fairfield,Green Bamboo Restaurant,green-bamboo-restaurant-fairfield@aol.com,4437 Central Pl
thai-kitchen-american-canyon,Thai Kitchen,thai-kitchen-american-canyon@oxy.edu,3425 Broadway St
sactomofo-sacramento-6,SactoMofo,sactomofo-sacramento-6@aol.com,
westea-pleasanton,Westea,westea-pleasanton@bobalover.com,4233 Rosewood Dr
baotea-cafe-pleasanton-2,BaoTea Cafe,baotea-cafe-pleasanton-2@aol.com,6654 Koll Center Pkwy
i-tea-dublin-dublin,i-Tea - Dublin,i-tea-dublin-dublin@gmail.com,4064 Grafton St
aroma-tapioca-tea-and-coffee-pleasanton,Aroma Tapioca Tea & Coffee,aroma-tapioca-tea-and-coffee-pleasanton@aol.com,4833 Hopyard Rd
i-tea-pleasanton,i-Tea,i-tea-pleasanton@yahoo.com,915 Main St
t4-dublin,T4,t4-dublin@aol.com,3744 Fallon Rd
tea-factory-dublin-2,Tea Factory,tea-factory-dublin-2@oxy.edu,8945 San Ramon Rd
icicles-pleasanton,ICICLES,icicles-pleasanton@aol.com,600 Main St
sharetea-dublin-3,Sharetea,sharetea-dublin-3@oxy.edu,7375 Amador Valley Blvd
cafe-tapioca-dublin,Cafe Tapioca,cafe-tapioca-dublin@gmail.com,7160 Regional St
quickly-pleasanton,Quickly,quickly-pleasanton@yahoo.com,1 Stoneridge Mall Rd
letea-pleasanton-2,LeTea,letea-pleasanton-2@aol.com,4299 Rosewood Dr
tea-breeze-pleasanton,Tea Breeze,tea-breeze-pleasanton@oxy.edu,4275 Rosewood Dr
360-crepes-pleasanton-3,360 Crepes,360-crepes-pleasanton-3@aol.com,3120 Santa Rita Rd
t4-san-ramon-2,T4,t4-san-ramon-2@yahoo.com,9140 Alcosta Blvd
i-tea-san-ramon-3,i-Tea,i-tea-san-ramon-3@oxy.edu,21001 San Ramon Valley Blvd
snowflake-dublin,Snowflake,snowflake-dublin@yahoo.com,4288 Dublin Blvd
quickly-dublin,Quickly,quickly-dublin@oxy.edu,4288 Dublin Blvd
cafe-taiwan-pleasanton-9,Cafe Taiwan,cafe-taiwan-pleasanton-9@yahoo.com,3550 Stanley Blvd
cafe-junction-pleasanton-3,Cafe Junction,cafe-junction-pleasanton-3@bobalover.com,5321 Hopyard Rd
o-honey-dublin,O'Honey,o-honey-dublin@oxy.edu,3862 Fallon Rd
the-mix-creamery-dublin-2,The Mix Creamery,the-mix-creamery-dublin-2@aol.com,6601 Dublin Blvd
tasty-pot-dublin,Tasty Pot,tasty-pot-dublin@bobalover.com,4288 Dublin Blvd
ohana-hawaiian-bbq-of-pleasanton-pleasanton,Ohana Hawaiian BBQ of Pleasanton,ohana-hawaiian-bbq-of-pleasanton-pleasanton@aol.com,5410 Sunol Blvd
99-ranch-market-pleasanton,99 Ranch Market,99-ranch-market-pleasanton@yahoo.com,4299 Rosewood Dr
menchies-frozen-yogurt-dublin,Menchie's  Frozen Yogurt,menchies-frozen-yogurt-dublin@aol.com,3742 Fallon Rd
blossom-bee-dublin,Blossom Bee,blossom-bee-dublin@bobalover.com,7335 Village Pkwy
berry-delight-pleasanton,Berry Delight,berry-delight-pleasanton@yahoo.com,1008 Stoneridge Mall Rd
new-thai-bistro-pleasanton-2,New Thai Bistro,new-thai-bistro-pleasanton-2@yahoo.com,4301 D Valley Ave
tutti-frutti-frozen-yogurt-dublin,Tutti Frutti Frozen Yogurt,tutti-frutti-frozen-yogurt-dublin@oxy.edu,4930 Dublin Blvd
kee-wah-bakery-dublin,Kee Wah Bakery,kee-wah-bakery-dublin@yahoo.com,4288 Dublin Blvd
blush-organic-frozen-yogurt-dublin,Blush Organic Frozen Yogurt,blush-organic-frozen-yogurt-dublin@aol.com,4640 Tassajara Rd
koi-palace-dublin,Koi Palace,koi-palace-dublin@gmail.com,Ulferts Ctr
berry-and-berry-yogurt-livermore,Berry & Berry Yogurt,berry-and-berry-yogurt-livermore@bobalover.com,2774 Livermore Outlets Dr
pho-saigon-city-pleasanton,Pho Saigon City,pho-saigon-city-pleasanton@aol.com,4275 Rosewood Dr
yogurtland-dublin,Yogurtland,yogurtland-dublin@bobalover.com,6851 Amador Plz Rd
lees-sandwiches-dublin-2,Lee's Sandwiches,lees-sandwiches-dublin-2@yahoo.com,4101 Dublin Blvd
osaka-ramen-dublin,Osaka Ramen,osaka-ramen-dublin@oxy.edu,4288 Dublin Blvd
pho-99-dublin-5,Pho 99,pho-99-dublin-5@aol.com,7459 Amador Valley Blvd
tandoori-pizza-dublin,Tandoori Pizza,tandoori-pizza-dublin@aol.com,4060 Grafton St
halu-shabu-shabu-dublin,Halu Shabu Shabu,halu-shabu-shabu-dublin@aol.com,4288 Dublin Blvd
amakara-dublin,Amakara,amakara-dublin@bobalover.com,7222 Regional St
pho-saigon-garden-dublin,Pho Saigon Garden,pho-saigon-garden-dublin@yahoo.com,7265 Regional St
pho-saigon-noodle-house-san-ramon,Pho Saigon Noodle House,pho-saigon-noodle-house-san-ramon@oxy.edu,9150 Alcosta Blvd
85-c-bakery-cafe-newark,85°C Bakery Cafe,85-c-bakery-cafe-newark@aol.com,35201 Newark Blvd
blackball-desserts-union-city-union-city,BlackBall Desserts-Union City,blackball-desserts-union-city-union-city@aol.com,34563 Alvarado Niles Rd
tasty-pot-newark,Tasty Pot,tasty-pot-newark@gmail.com,34909 Newark Blvd
icicles-newark,ICICLES,icicles-newark@oxy.edu,39055 Cedar Blvd
che-lo-union-city-2,Che-Lo,che-lo-union-city-2@yahoo.com,1767 Decoto Blvd
fusion-mix-frozen-yogurt-fremont-2,Fusion Mix Frozen Yogurt,fusion-mix-frozen-yogurt-fremont-2@aol.com,4144 Walnut Ave
crepe-bar-newark,Crepe Bar,crepe-bar-newark@yahoo.com,2078 Newpark Mall
q-cup-fremont,Q Cup,q-cup-fremont@aol.com,39129 Fremont Blvd
bambu-newark-2,BAMBU,bambu-newark-2@gmail.com,6058 Mowry Ave
bambu-union-city-2,BAMBU,bambu-union-city-2@oxy.edu,31812-31822 Alvarado Blvd
storm-crepes-newark,Storm Crepes,storm-crepes-newark@oxy.edu,39658 Cedar Blvd
sweet-orchid-fremont,Sweet Orchid,sweet-orchid-fremont@yahoo.com,34460 Fremont Blvd
jenjons-cafe-union-city,Jenjon's Cafe,jenjons-cafe-union-city@bobalover.com,1704 Decoto Rd
k-pop-cafe-fremont,K-Pop Cafe,k-pop-cafe-fremont@bobalover.com,35041 Fremont Blvd
milkcow-fremont-2,Milkcow,milkcow-fremont-2@aol.com,5657 Auto Mall Pkwy
boba-guys-san-carlos-2,Boba Guys,boba-guys-san-carlos-2@aol.com,872 Laurel St
teaquation-redwood-city,Teaquation,teaquation-redwood-city@gmail.com,1036 El Camino Real
t4-hayward-3,T4,t4-hayward-3@yahoo.com,1033 B St
sweet-spot-castro-valley,Sweet Spot,sweet-spot-castro-valley@yahoo.com,20669 Santa Maria Ave
teaster-hayward-2,Teaster,teaster-hayward-2@aol.com,410 W A St
sharetea-palo-alto-2,Sharetea,sharetea-palo-alto-2@oxy.edu,540 Bryant St
chatime-redwood-city-2,Chatime,chatime-redwood-city-2@aol.com,2202 Broadway St
eko-coffee-bar-and-tea-house-hayward,Eko Coffee Bar & Tea House,eko-coffee-bar-and-tea-house-hayward@yahoo.com,1075 B St
tea-era-cupertino,Tea Era,tea-era-cupertino@oxy.edu,20916 Homestead Rd
fantasia-coffee-and-tea-cupertino,Fantasia Coffee & Tea,fantasia-coffee-and-tea-cupertino@bobalover.com,10933 N Wolfe Rd
tpumps-cupertino,Tpumps,tpumps-cupertino@aol.com,19959 Stevens Creek Blvd
super-cue-cafe-cupertino,Super Cue Cafe,super-cue-cafe-cupertino@oxy.edu,19620 Stevens Creek Blvd
happy-lemon-cupertino-5,Happy Lemon,happy-lemon-cupertino-5@yahoo.com,10963 N Wolfe Rd
ten-ren-tea-cupertino,Ten Ren Tea,ten-ren-tea-cupertino@oxy.edu,10881 N Wolfe Rd
meet-fresh-cupertino,Meet Fresh,meet-fresh-cupertino@bobalover.com,19449 Stevens Creek Blvd
hechaa-cupertino-4,Hechaa,hechaa-cupertino-4@oxy.edu,10619 S De Anza Blvd
calibear-cyber-cafe-sunnyvale-6,Calibear Cyber Cafe,calibear-cyber-cafe-sunnyvale-6@bobalover.com,1336 S Mary Ave
happy-lemon-sunnyvale-2,Happy Lemon,happy-lemon-sunnyvale-2@yahoo.com,605 E El Camino Real
what8ver-express-cupertino-2,What8ver Express,what8ver-express-cupertino-2@bobalover.com,10118 Bandley Dr
gong-cha-sunnyvale,Gong Cha,gong-cha-sunnyvale@aol.com,1641 Hollenbeck Ave
cafe-lattea-cupertino,Cafe LaTTea,cafe-lattea-cupertino@oxy.edu,19501 Stevens Creek Blvd
t4-cupertino-cupertino,T4 Cupertino,t4-cupertino-cupertino@yahoo.com,19505 Stevens Creek Blvd
sharetea-sunnyvale-3,Sharetea,sharetea-sunnyvale-3@yahoo.com,568 El Camino Real
tea-chansii-cupertino,Tea Chansii,tea-chansii-cupertino@aol.com,19449 Stevens Creek Blvd
verde-tea-house-cupertino-2,Verde Tea House,verde-tea-house-cupertino-2@aol.com,10477 S De Anza Blvd
bubble-tea-time-saratoga,Bubble Tea Time,bubble-tea-time-saratoga@gmail.com,18564 Prospect Rd
the-tea-zone-and-fruit-bar-mountain-view,The Tea Zone & Fruit Bar,the-tea-zone-and-fruit-bar-mountain-view@aol.com,805 El Camino Real
teaspoon-santa-clara-7,Teaspoon,teaspoon-santa-clara-7@gmail.com,3450 El Camino Real
beastea-santa-clara,Beastea,beastea-santa-clara@bobalover.com,2785 El Camino Real
teaspoon-mountain-view,Teaspoon,teaspoon-mountain-view@aol.com,236 Castro St
tea-annie-mountain-view,Tea Annie,tea-annie-mountain-view@bobalover.com,1712 Miramonte Ave
verde-tea-cafe-mountain-view,Verde Tea Cafe,verde-tea-cafe-mountain-view@aol.com,852 Villa St
teafans-sunnyvale,TeaFans,teafans-sunnyvale@aol.com,927 E Arques Ave
85-c-bakery-cafe-san-jose-5,85°C Bakery Cafe,85-c-bakery-cafe-san-jose-5@bobalover.com,1183 S De Anza Blvd
matcha-love-san-jose-6,Matcha Love,matcha-love-san-jose-6@aol.com,675 Saratoga Ave
bambu-sunnyvale-2,BAMBU,bambu-sunnyvale-2@oxy.edu,189 W Washington Ave
icicles-cupertino,Icicles,icicles-cupertino@oxy.edu,19622 Stevens Creek Blvd
sunnywich-cafe-sunnyvale,Sunnywich Cafe,sunnywich-cafe-sunnyvale@aol.com,223 East Maude Ave
ocha-tea-café-and-restaurant-mountain-view-2,Ocha Tea Café & Restaurant,ocha-tea-café-and-restaurant-mountain-view-2@aol.com,1350 Grant Rd
bubble-bay-tea-santa-clara,Bubble Bay Tea,bubble-bay-tea-santa-clara@oxy.edu,4300 Great America Pkwy
jazen-tea-san-jose-4,Jazen Tea,jazen-tea-san-jose-4@oxy.edu,1089 S De Anza Blvd
comebuy-tea-and-coffee-santa-clara,Comebuy Tea & Coffee,comebuy-tea-and-coffee-santa-clara@bobalover.com,2712 Augustine Dr
music-tunnel-ktv-cafe-san-jose-2,Music Tunnel KTV Cafe,music-tunnel-ktv-cafe-san-jose-2@aol.com,1132 S De Anza Blvd
jazen-tea-santa-clara-3,Jazen Tea,jazen-tea-santa-clara-3@gmail.com,3147 Mission College Blvd
butterfly-santa-clara,Butterfly,butterfly-santa-clara@oxy.edu,1000 Lafayette St
quickly-cupertino,Quickly,quickly-cupertino@gmail.com,21265 Stevens Creek Blvd
california-mochi-santa-clara-4,California Mochi,california-mochi-santa-clara-4@aol.com,3030 El Camino Real
t4-livermore-livermore-2,T4 Livermore,t4-livermore-livermore-2@aol.com,4010 E Ave
orange-tea-livermore,Orange Tea,orange-tea-livermore@gmail.com,6033 Northfront Rd
big-fat-straw-cafe-livermore-2,Big Fat Straw Cafe,big-fat-straw-cafe-livermore-2@aol.com,980 Murrieta Blvd
donut-wheel-livermore,Donut Wheel,donut-wheel-livermore@oxy.edu,2017 1st St
t4-san-ramon-3,T4,t4-san-ramon-3@gmail.com,11020 Bollinger Canyon Rd
saigon-cafe-livermore,Saigon Cafe,saigon-cafe-livermore@yahoo.com,2011 2nd St
rice-paper-bistro-livermore,Rice Paper Bistro,rice-paper-bistro-livermore@aol.com,1548 N Vasco Rd
menchies-frozen-yogurt-livermore,Menchie's Frozen Yogurt,menchies-frozen-yogurt-livermore@yahoo.com,973 E Stanley Blvd
la-farfalla-bakery-fremont,La Farfalla Bakery,la-farfalla-bakery-fremont@bobalover.com,39947 Mission Blvd
ice3-creamery-fremont,Ice3 Creamery,ice3-creamery-fremont@yahoo.com,39957 Mission Blvd
yogurt-shop-danville,Yogurt Shop,yogurt-shop-danville@gmail.com,3450 Camino Tassajara Rd
bean-scene-cafe-fremont-2,Bean Scene Cafe,bean-scene-cafe-fremont-2@bobalover.com,4000 Bay St
yogurtland-san-ramon,Yogurtland,yogurtland-san-ramon@aol.com,152 Sunset Dr
chilly-and-munch-mountain-view,Chilly & Munch,chilly-and-munch-mountain-view@bobalover.com,2101 Showers Dr
jazen-tea-mountain-view-3,Jazen Tea,jazen-tea-mountain-view-3@yahoo.com,220 Castro St
t4-palo-alto-2,T4,t4-palo-alto-2@oxy.edu,165 University Ave
pearl-cafe-mountain-view,Pearl Cafe,pearl-cafe-mountain-view@bobalover.com,506A Showers Dr
tapioca-express-mountain-view,Tapioca Express,tapioca-express-mountain-view@bobalover.com,740 Villa St
teaspoon-palo-alto-7,Teaspoon,teaspoon-palo-alto-7@yahoo.com,2675 Middlefield Rd
teaspoon-milpitas,Teaspoon,teaspoon-milpitas@bobalover.com,201 W Calaveras Blvd
teasociety-milpitas,Teasociety,teasociety-milpitas@oxy.edu,55 N Milpitas Blvd
t4-milpitas,T4,t4-milpitas@aol.com,540 Barber Ln
bcute-tea-drinks-and-finger-foods-milpitas-2,BCUTE tea drinks and finger foods,bcute-tea-drinks-and-finger-foods-milpitas-2@aol.com,200 Serra Way
poke-xpress-milpitas,Poke Xpress,poke-xpress-milpitas@oxy.edu,1236 S Abel St
happy-lemon-milpitas-6,Happy Lemon,happy-lemon-milpitas-6@yahoo.com,279 W Calaveras Blvd
yummi-tea-cafe-san-jose-3,Yummi Tea Cafe,yummi-tea-cafe-san-jose-3@yahoo.com,2191 Morrill Ave
sno-crave-tea-house-milpitas,Sno-Crave Tea House,sno-crave-tea-house-milpitas@yahoo.com,1777 N Milpitas Blvd
sancha-bar-milpitas,Sancha Bar,sancha-bar-milpitas@oxy.edu,279 Jacklin Rd
chick-and-tea-milpitas-4,Chick & Tea,chick-and-tea-milpitas-4@bobalover.com,1723 N Milpitas Blvd
t4-san-jose,T4,t4-san-jose@yahoo.com,1671 N Capitol Ave
queens-cafe-milpitas,Queen's Cafe,queens-cafe-milpitas@bobalover.com,372 Barber Ln
the-pennywort-san-jose-5,The Pennywort,the-pennywort-san-jose-5@bobalover.com,2056 N Capitol Ave
bambu-san-jose-9,BAMBU,bambu-san-jose-9@bobalover.com,1688 Hostetter Rd
black-pearl-san-jose-2,Black Pearl,black-pearl-san-jose-2@aol.com,1055 E Brokaw Rd
happiness-cafe-san-jose,Happiness Cafe,happiness-cafe-san-jose@aol.com,1688 Hostetter Rd
85-c-bakery-cafe-milpitas-2,85°C Bakery Cafe,85-c-bakery-cafe-milpitas-2@aol.com,672 Barber Ln
simpletea-milpitas,Simpletea,simpletea-milpitas@aol.com,1535 Landess Ave
bambu-milpitas-7,BAMBU,bambu-milpitas-7@gmail.com,89 S Park Victoria Dr
fantasia-coffee-and-tea-santa-clara,Fantasia Coffee & Tea,fantasia-coffee-and-tea-santa-clara@gmail.com,3969 Rivermark Plz
shihlin-taiwan-street-snacks-milpitas,Shihlin Taiwan Street Snacks,shihlin-taiwan-street-snacks-milpitas@aol.com,522 Barber Ln
quickly-milpitas-2,Quickly,quickly-milpitas-2@yahoo.com,1350 S Park Victoria Dr
honeyberry-san-jose-9,Honeyberry,honeyberry-san-jose-9@aol.com,3655 N 1st St
aroma-coffee-and-snacks-milpitas,Aroma Coffee and Snacks,aroma-coffee-and-snacks-milpitas@gmail.com,1535 Landess Ave
teatime-redwood-city,Teatime,teatime-redwood-city@gmail.com,1003 El Camino Real
comebuy-drinks-redwood-city,Comebuy Drinks,comebuy-drinks-redwood-city@aol.com,2074 Broadway
teaspoon-redwood-city,Teaspoon,teaspoon-redwood-city@bobalover.com,2361 Broadway St
davidstea-palo-alto-2,DAVIDsTEA,davidstea-palo-alto-2@oxy.edu,318 University Ave
pokélove-palo-alto,pokéLOVE,pokélove-palo-alto@aol.com,855 El Camino Real
bare-bowls-palo-alto,Bare Bowls,bare-bowls-palo-alto@gmail.com,530 Emerson St
tea-time-palo-alto,Tea Time,tea-time-palo-alto@gmail.com,542 Ramona St
chantal-guillon-macarons-and-teas-palo-alto-2,Chantal Guillon Macarons & Teas,chantal-guillon-macarons-and-teas-palo-alto-2@aol.com,444 University Ave
happy-donuts-palo-alto,Happy Donuts,happy-donuts-palo-alto@gmail.com,3916 El Camino Real
quickly-sunnyvale-4,Quickly,quickly-sunnyvale-4@oxy.edu,415 N Mary Ave
fraiche-palo-alto-2,Fraiche,fraiche-palo-alto-2@gmail.com,200 Hamilton Ave
quickly-redwood-city,Quickly,quickly-redwood-city@oxy.edu,300 Walnut St
coupa-café-palo-alto-3,Coupa Café,coupa-café-palo-alto-3@yahoo.com,538 Ramona St
cream-palo-alto-3,CREAM,cream-palo-alto-3@gmail.com,440 University Ave
ohana-express-redwood-city-2,Ohana Express,ohana-express-redwood-city-2@yahoo.com,640 Woodside Rd
yogurtland-palo-alto,Yogurtland,yogurtland-palo-alto@aol.com,494 University Ave
coupa-café-lytton-palo-alto,Coupa Café - Lytton,coupa-café-lytton-palo-alto@yahoo.com,111 Lytton Ave
green-bakery-and-café-los-altos-11,Green Bakery & Café,green-bakery-and-café-los-altos-11@yahoo.com,692 Fremont Ave
wild-berry-yogurt-menlo-park,Wild Berry Yogurt,wild-berry-yogurt-menlo-park@aol.com,325 Sharon Park Dr
the-posh-bagel-los-altos,The Posh Bagel,the-posh-bagel-los-altos@yahoo.com,310 Main St
paris-baguette-palo-alto,Paris Baguette,paris-baguette-palo-alto@gmail.com,383 University Ave
taza-deli-and-cafe-redwood-city,Taza Deli & Cafe,taza-deli-and-cafe-redwood-city@gmail.com,1796 Broadway
rojoz-gourmet-wraps-palo-alto-2,Rojoz Gourmet Wraps,rojoz-gourmet-wraps-palo-alto-2@gmail.com,3906 Middlefield Rd
froyola-redwood-city,Froyola,froyola-redwood-city@yahoo.com,2206 Broadway St
mr-green-bubble-sunnyvale,Mr. Green Bubble,mr-green-bubble-sunnyvale@aol.com,1255 S Mary Ave
coupa-cafe-green-library-stanford,Coupa Cafe - Green Library,coupa-cafe-green-library-stanford@yahoo.com,571 Escondido Mall
dohatsuten-palo-alto,Dohatsuten,dohatsuten-palo-alto@oxy.edu,799 San Antonio Rd
panda-express-mountain-view-2,Panda Express,panda-express-mountain-view-2@yahoo.com,1035 El Monte Ave
nekter-juice-bar-mountain-view,Nekter Juice Bar,nekter-juice-bar-mountain-view@aol.com,685 San Antonio Rd
green-leaf-asian-bistro-and-cafe-redwood-city-2,Green Leaf Asian Bistro & Cafe,green-leaf-asian-bistro-and-cafe-redwood-city-2@oxy.edu,865 Middlefield Rd
koma-sushi-restaurant-menlo-park-3,Koma Sushi Restaurant,koma-sushi-restaurant-menlo-park-3@gmail.com,211 El Camino Real
the-axe-and-palm-stanford,The Axe and Palm,the-axe-and-palm-stanford@bobalover.com,Old Union Stanford University
cocohodo-sunnyvale-2,Cocohodo,cocohodo-sunnyvale-2@bobalover.com,1082 E El Camino Real
hotpot-first-sunnyvale,Hotpot First,hotpot-first-sunnyvale@gmail.com,1149 N Lawrence Expy
bean-scene-sunnyvale,Bean Scene,bean-scene-sunnyvale@aol.com,186 S Murphy Ave
sharetea-santa-clara-7,Sharetea,sharetea-santa-clara-7@bobalover.com,2855 Stevens Creek Blvd
jazen-tea-santa-clara-santa-clara,Jazen Tea Santa Clara,jazen-tea-santa-clara-santa-clara@bobalover.com,3484 El Camino Real
honeyberry-santa-clara,Honeyberry,honeyberry-santa-clara@oxy.edu,3488 El Camino Real
world-wrapps-2-0-santa-clara,World Wrapps 2.0,world-wrapps-2-0-santa-clara@aol.com,3125 Mission College Blvd
youji-fresh-rolls-wine-and-tea-santa-clara,Youji Fresh Rolls Wine & Tea,youji-fresh-rolls-wine-and-tea-santa-clara@bobalover.com,2855 Stevens Creek Blvd
frozos-frozen-yogurt-santa-clara,Frozo's Frozen Yogurt,frozos-frozen-yogurt-santa-clara@yahoo.com,1000 Lafayette St
cool-tea-bar-south-san-francisco-4,Cool Tea Bar,cool-tea-bar-south-san-francisco-4@bobalover.com,630 El Camino Real
tiger-tea-and-juice-burlingame-3,Tiger Tea & Juice,tiger-tea-and-juice-burlingame-3@oxy.edu,1803 El Camino Real
aqua-club-dessert-and-beverage-san-bruno,Aqua Club Dessert & Beverage,aqua-club-dessert-and-beverage-san-bruno@bobalover.com,440 San Mateo Ave
bobabia-san-mateo,Bobabia,bobabia-san-mateo@aol.com,271 - 273 Baldwin Ave
happy-lemon-burlingame-4,Happy Lemon,happy-lemon-burlingame-4@aol.com,1419 Burlingame Ave
eggettes-south-san-francisco,Eggettes,eggettes-south-san-francisco@gmail.com,639 El Camino Real
tpumps-burlingame,Tpumps,tpumps-burlingame@aol.com,1118 Burlingame Ave
teaspoon-san-mateo,Teaspoon,teaspoon-san-mateo@bobalover.com,128 E 3rd Ave
cha-express-san-mateo,Cha Express,cha-express-san-mateo@gmail.com,212 E 3rd Ave
search-tea-millbrae-5,Search Tea,search-tea-millbrae-5@bobalover.com,105 Park Blvd
tea-world-pacifica,Tea World,tea-world-pacifica@oxy.edu,90 Eureka Sq
t4-millbrae-10,T4,t4-millbrae-10@aol.com,315 Broadway
i-tea-burlingame-2,i-Tea,i-tea-burlingame-2@bobalover.com,346 Lorton Ave
boba-dude-half-moon-bay,Boba Dude,boba-dude-half-moon-bay@aol.com,80 Cabrillo Hwy N
eggettes-millbrae-2,Eggettes,eggettes-millbrae-2@gmail.com,979 Broadway
gong-cha-san-mateo-2,Gong Cha,gong-cha-san-mateo-2@bobalover.com,110 S B St
bambu-south-san-francisco,BAMBU,bambu-south-san-francisco@gmail.com,2223 Gellert Blvd
super-cue-cafe-san-mateo-2,Super Cue Cafe,super-cue-cafe-san-mateo-2@yahoo.com,2986 S Norfolk St
bambu-san-mateo-2,BAMBU,bambu-san-mateo-2@aol.com,153 South B St
eggettes-san-mateo,Eggettes,eggettes-san-mateo@gmail.com,47 S B St
chatime-san-mateo-2,Chatime,chatime-san-mateo-2@bobalover.com,165 E 4th Ave
tpumps-foster-city,Tpumps,tpumps-foster-city@bobalover.com,985 E Hillsdale Blvd
creme-brewlee-san-mateo-2,Creme Brewlee,creme-brewlee-san-mateo-2@oxy.edu,2948 S Norfolk St
chatime-foster-city,Chatime,chatime-foster-city@yahoo.com,969A Edgewater Blvd
quickly-san-mateo,Quickly,quickly-san-mateo@yahoo.com,142 E 3rd Ave
fresh-nation-desserts-san-mateo-2,Fresh Nation Desserts,fresh-nation-desserts-san-mateo-2@aol.com,30 E 3rd Ave
ya-ua-yogurt-and-boba-tea-belmont-2,Ya-Ua Yogurt & Boba Tea,ya-ua-yogurt-and-boba-tea-belmont-2@yahoo.com,1090 Alameda De Las Pulgas
snacks-san-mateo-2,Snacks,snacks-san-mateo-2@oxy.edu,31 N B St
dessert-republic-san-mateo,Dessert Republic,dessert-republic-san-mateo@yahoo.com,138 Main St
mints-and-honey-san-carlos,Mints & Honey,mints-and-honey-san-carlos@gmail.com,1524 El Camino Real
bambu-millbrae-2,BAMBU,bambu-millbrae-2@oxy.edu,203 El Camino Real
icicles-san-mateo,ICICLES,icicles-san-mateo@aol.com,222 E 3rd Ave
kingkat-bar-and-eatery-san-mateo-2,KingKat Bar & Eatery,kingkat-bar-and-eatery-san-mateo-2@gmail.com,33 W 25th Ave
quickly-burlingame-2,Quickly,quickly-burlingame-2@aol.com,1407 Burlingame Ave
antoines-cookie-shop-san-mateo-3,Antoine's Cookie Shop,antoines-cookie-shop-san-mateo-3@gmail.com,220 2nd Ave
quickly-foster-city-3,Quickly,quickly-foster-city-3@oxy.edu,969k Edgewater Blvd
moo-moo-yogurt-foster-city,Moo Moo Yogurt,moo-moo-yogurt-foster-city@oxy.edu,969F Edgewater Blvd
clear-optometry-san-mateo,Clear Optometry,clear-optometry-san-mateo@aol.com,138 E 3rd Ave
boiling-point-san-mateo,Boiling Point,boiling-point-san-mateo@bobalover.com,111 E 4th Ave
cream-san-mateo,CREAM,cream-san-mateo@yahoo.com,134 S B St
poke-island-creasian-kitchen-san-mateo,Poke Island CreAsian Kitchen,poke-island-creasian-kitchen-san-mateo@oxy.edu,43 S B St
waterfront-cafe-burlingame,Waterfront Cafe,waterfront-cafe-burlingame@yahoo.com,500 Airport Blvd
never-too-latte-san-bruno-2,Never Too Latte,never-too-latte-san-bruno-2@yahoo.com,486 San Mateo Ave
jougert-bar-burlingame,Jougert Bar,jougert-bar-burlingame@gmail.com,1115 Burlingame Ave
mini-coffee-san-mateo-2,Mini Coffee,mini-coffee-san-mateo-2@bobalover.com,800 S B St
sweet-indulgence-millbrae-3,Sweet Indulgence,sweet-indulgence-millbrae-3@gmail.com,298 Broadway
ramen-dojo-san-mateo,Ramen Dojo,ramen-dojo-san-mateo@yahoo.com,805 S B St
quickly-millbrae-4,Quickly,quickly-millbrae-4@bobalover.com,325 El Camino Real
bobo-drinks-fairfield-2,Bobo Drinks,bobo-drinks-fairfield-2@yahoo.com,1305 Gateway Blvd
t4-tea-for-u-fairfield,T4 Tea For U,t4-tea-for-u-fairfield@gmail.com,2700 N Texas St
peace-love-and-boba-vacaville,Peace Love & Boba,peace-love-and-boba-vacaville@gmail.com,3083 Alamo Dr
halo-halo-bar-and-boba-station-suisun-city,Halo Halo Bar & Boba Station,halo-halo-bar-and-boba-station-suisun-city@yahoo.com,303 Lawler Ctr Dr
quickly-fairfield-3,Quickly,quickly-fairfield-3@aol.com,1350 Travis Blvd
tutti-frutti-fairfield-2,Tutti Frutti,tutti-frutti-fairfield-2@yahoo.com,3334 N Texas St
sharetea-concord-3,Sharetea,sharetea-concord-3@oxy.edu,1850 Mount Diablo St
i-tea-pittsburg,i-Tea,i-tea-pittsburg@aol.com,2121 Loveridge Rd
quickly-vallejo-12,Quickly,quickly-vallejo-12@oxy.edu,145 Plaza Dr
teazentea-brentwood-3,TeaZenTea,teazentea-brentwood-3@oxy.edu,1135 2nd St
quickly-vacaville,Quickly,quickly-vacaville@bobalover.com,1667 E Monte Vista Ave
mandro-teahouse-davis,MandRo Teahouse,mandro-teahouse-davis@gmail.com,1260 Lake Blvd
tapioca-express-vallejo,Tapioca Express,tapioca-express-vallejo@yahoo.com,3720 Sonoma Blvd
okashi-fusion-vacaville,Okashi Fusion,okashi-fusion-vacaville@aol.com,1679 E Monte Vista Ave
cafe-tapioca-hercules,Cafe Tapioca,cafe-tapioca-hercules@bobalover.com,1581 Sycamore Ave
pho-saigon-no-1-vietnamese-restaurant-fairfield-2,Pho Saigon No 1 Vietnamese Restaurant,pho-saigon-no-1-vietnamese-restaurant-fairfield-2@yahoo.com,1972 N Texas St
ontap-davis,OnTap,ontap-davis@oxy.edu,825 Russell Blvd
t4-antioch-12,T4,t4-antioch-12@bobalover.com,4532 Lone Tree Way
bobaloca-concord-4,Bobaloca,bobaloca-concord-4@gmail.com,1843 Willow Pass Rd
teabo-café-davis,Teabo Café,teabo-café-davis@oxy.edu,2191 Cowell Blvd
lazi-cow-davis,Lazi Cow,lazi-cow-davis@aol.com,407 G St
t4-san-pablo-3,T4,t4-san-pablo-3@oxy.edu,13350 San Pablo Ave
t4-concord-concord,T4 - Concord,t4-concord-concord@oxy.edu,2151 Salvio St
dragon-snow-el-sobrante,Dragon Snow,dragon-snow-el-sobrante@gmail.com,3550 San Pablo Dam Rd
cj-fusion-fairfield,CJ Fusion,cj-fusion-fairfield@yahoo.com,201 Travis Blvd
gong-cha-davis,Gong Cha,gong-cha-davis@gmail.com,1411 W Covell Blvd
suisun-seafood-center-suisun-city,Suisun Seafood Center,suisun-seafood-center-suisun-city@aol.com,303 Lawler Center Dr
teaone-davis,TeaOne,teaone-davis@aol.com,213 E St
quickly-brentwood-brentwood,Quickly Brentwood,quickly-brentwood-brentwood@yahoo.com,2415 Empire Ave
t4-davis-3,T4,t4-davis-3@aol.com,132 E St
bangkok-paradise-fairfield,Bangkok Paradise,bangkok-paradise-fairfield@bobalover.com,3344 N Texas St
easel-davis-2,Easel,easel-davis-2@gmail.com,620 W Covell Blvd
sharetea-davis-davis-2,Sharetea Davis,sharetea-davis-davis-2@bobalover.com,207 3rd St
the-old-teahouse-davis-3,The Old Teahouse,the-old-teahouse-davis-3@bobalover.com,825 Russell Blvd
pho-lee-hoa-phat-fairfield,Pho Lee Hoa Phat,pho-lee-hoa-phat-fairfield@aol.com,870 E Travis
skyview-noodle-and-tea-pittsburg-3,Skyview Noodle & Tea,skyview-noodle-and-tea-pittsburg-3@gmail.com,200 E 3rd St
noodle-house-fairfield-2,Noodle House,noodle-house-fairfield-2@oxy.edu,1305 Gateway Blvd
sisig-suisun-city-3,SISIG,sisig-suisun-city-3@oxy.edu,303 Lawler Center Dr
rrags-caffe-benicia,Rrags Caffe,rrags-caffe-benicia@aol.com,1383 E 2nd St
yumygurt-pinole,Yumygurt,yumygurt-pinole@gmail.com,2701 Pinole Valley Rd
vampire-penguin-brentwood-2,Vampire Penguin,vampire-penguin-brentwood-2@yahoo.com,2545 Sand Creek Rd
going-green-martinez,Going Green,going-green-martinez@aol.com,1160 Arnold Dr
quickly-antioch-2,Quickly,quickly-antioch-2@aol.com,212 E 18th St
pho-lee-hoa-phat-vacaville,Pho Lee Hoa Phat,pho-lee-hoa-phat-vacaville@aol.com,88 Peabody Rd
ice-monster-walnut-creek,Ice Monster,ice-monster-walnut-creek@bobalover.com,2230 Oak Grove Rd
t4-walnut-creek,T4,t4-walnut-creek@yahoo.com,1815 Ygnacio Valley Rd
chalogy-tea-bar-walnut-creek-4,CHALOGY Tea Bar,chalogy-tea-bar-walnut-creek-4@bobalover.com,1349 Locust St
mr-green-bubble-walnut-creek-2,Mr. Green Bubble,mr-green-bubble-walnut-creek-2@oxy.edu,1539 Locust St
cool-tea-bar-danville-4,Cool Tea Bar,cool-tea-bar-danville-4@aol.com,251 Hartz Ave
quickly-concord-5,Quickly,quickly-concord-5@bobalover.com,4115 Concord Blvd
quickly-concord,Quickly,quickly-concord@gmail.com,1657 Willow Pass Rd
t4-and-poke-walnut-creek,T4 And Poke,t4-and-poke-walnut-creek@yahoo.com,1385C N Main St
i-tea-moraga-3,i-Tea,i-tea-moraga-3@oxy.edu,1460 Moraga Rd
panache-caffe-lafayette,Panache Caffe,panache-caffe-lafayette@bobalover.com,3653 Mt Diablo Blvd
coco-swirl-pleasant-hill,Coco Swirl,coco-swirl-pleasant-hill@oxy.edu,35 Crescent Dr
surf-city-squeeze-concord,Surf City Squeeze,surf-city-squeeze-concord@gmail.com,282 Sun Valley Mall
hello-pho-concord,Hello Pho,hello-pho-concord@bobalover.com,1701 Monument Blvd
harvest-house-concord,Harvest House,harvest-house-concord@oxy.edu,2395 Monument Blvd
i-love-teriyaki-and-sushi-concord-2,I Love Teriyaki & Sushi,i-love-teriyaki-and-sushi-concord-2@yahoo.com,1950 Salvio St
cornology-walnut-creek-3,Cornology,cornology-walnut-creek-3@gmail.com,1349 Locust St
saigon-bistro-concord,Saigon Bistro,saigon-bistro-concord@gmail.com,1701 Willow Pass Rd
99-ranch-market-concord-2,99 Ranch Market,99-ranch-market-concord-2@yahoo.com,1795 Willow Pass Rd
double-rainbow-cafe-benicia,Double Rainbow Cafe,double-rainbow-cafe-benicia@bobalover.com,560 1st St
blue-saigon-pittsburg,Blue Saigon,blue-saigon-pittsburg@oxy.edu,2243 Railroad Ave
jollibee-concord,Jollibee,jollibee-concord@aol.com,2030 Diamond Blvd
pho-huynh-hiep-5-kevins-noodle-house-concord,Pho Huynh Hiep 5 - Kevin's Noodle House,pho-huynh-hiep-5-kevins-noodle-house-concord@aol.com,1833 Willow Pass Rd
pho-lee-hoa-phat-pleasant-hill,Pho Lee Hoa Phat,pho-lee-hoa-phat-pleasant-hill@aol.com,508 Contra Costa Blvd
pho-huynh-hiep-6-kevins-noodle-house-walnut-creek,Pho Huynh Hiep 6 - Kevin's Noodle House,pho-huynh-hiep-6-kevins-noodle-house-walnut-creek@gmail.com,2034 N Main St
smitten-ice-cream-lafayette,Smitten Ice Cream,smitten-ice-cream-lafayette@yahoo.com,3545 Mt Diablo Blvd
aung-maylika-benicia-4,Aung Maylika,aung-maylika-benicia-4@oxy.edu,836 Southampton Rd
izzyas-frozen-custard-lafayette-2,IzzyA's Frozen Custard,izzyas-frozen-custard-lafayette-2@yahoo.com,
yogurtland-pleasant-hill,Yogurtland,yogurtland-pleasant-hill@gmail.com,2390 Monument Blvd
golden-bakery-pittsburg,Golden Bakery,golden-bakery-pittsburg@aol.com,2229 Railroad Ave
tutti-frutti-montclair-oakland,Tutti Frutti Montclair,tutti-frutti-montclair-oakland@aol.com,2066 Mountain Blvd
tangelo-frozen-yogurt-moraga,Tangelo Frozen Yogurt,tangelo-frozen-yogurt-moraga@bobalover.com,384 Park St
surf-city-squeeze-antioch,Surf City Squeeze,surf-city-squeeze-antioch@bobalover.com,2556 Somersville Rd
lv-vietnamese-pho-and-sandwiches-vallejo,LV Vietnamese Pho and Sandwiches,lv-vietnamese-pho-and-sandwiches-vallejo@gmail.com,2621 Springs Rd
korea-house-concord,Korea House,korea-house-concord@oxy.edu,1835 Willow Pass Rd
yo-sushi-martinez,Yo Sushi,yo-sushi-martinez@oxy.edu,1029 Arnold Dr
lulus-kitchen-concord,Lulu's Kitchen,lulus-kitchen-concord@aol.com,1657 Willow Pass Rd
pho-hoa-an-pleasant-hill,Pho Hoa An,pho-hoa-an-pleasant-hill@oxy.edu,1617 Contra Costa Blvd
saigon-bistro-restaurant-pittsburg,Saigon Bistro Restaurant,saigon-bistro-restaurant-pittsburg@gmail.com,4285 Century Blvd
pho-lee-hoa-phat-pittsburg-5,Pho Lee Hoa Phat,pho-lee-hoa-phat-pittsburg-5@yahoo.com,140 E Leland Rd
viet-nam-noodle-house-antioch-4,Viet Nam Noodle House,viet-nam-noodle-house-antioch-4@oxy.edu,3676 Delta Fair Blvd
little-hearty-noodle-moraga-2,Little Hearty Noodle,little-hearty-noodle-moraga-2@aol.com,578 Center St
bubble-loca-richmond,Bubble Loca,bubble-loca-richmond@yahoo.com,3288 Pierce St
ten-ren-tea-co-richmond,Ten Ren Tea Co,ten-ren-tea-co-richmond@yahoo.com,3288 Pierce St
tala-coffee-and-tea-el-cerrito-2,Tala Coffee & Tea,tala-coffee-and-tea-el-cerrito-2@oxy.edu,10734 San Pablo Ave
sharetea-san-rafael-3,Sharetea,sharetea-san-rafael-3@aol.com,967 Grand Ave
tpartea-boba-drinks-and-banh-mi-san-rafael-3,TPartea Boba Drinks And Banh Mi,tpartea-boba-drinks-and-banh-mi-san-rafael-3@gmail.com,5800 Northgate Dr
sunny-day-sweet-house-richmond,Sunny Day Sweet House,sunny-day-sweet-house-richmond@aol.com,3288 Pierce St
aloha-pure-water-shaved-ice-san-pablo,Aloha Pure Water Shaved Ice,aloha-pure-water-shaved-ice-san-pablo@oxy.edu,2300 El Portal Dr
world-wrapps-corte-madera-7,World Wrapps,world-wrapps-corte-madera-7@aol.com,208 Corte Madera Town Ctr
quickly-el-cerrito,Quickly,quickly-el-cerrito@aol.com,3080 El Cerrito Plz
tay-tah-cafe-albany,Tay Tah Cafe,tay-tah-cafe-albany@yahoo.com,1182 Solano Ave
sweetheart-cafe-berkeley,Sweetheart Cafe,sweetheart-cafe-berkeley@aol.com,2523 Durant Ave
teaone-berkeley-berkeley,TeaOne Berkeley,teaone-berkeley-berkeley@gmail.com,2380 Telegraph Ave
quickly-kobe-bento-richmond-2,Quickly - Kobe Bento,quickly-kobe-bento-richmond-2@gmail.com,3288 Pierce St
quickly-san-rafael,Quickly,quickly-san-rafael@yahoo.com,1128 4th St
sivans-cafe-hayward,Sivan's Cafe,sivans-cafe-hayward@oxy.edu,766 A St
honey-bear-smoothie-tea-and-dessert-hayward,Honey Bear Smoothie Tea & Dessert,honey-bear-smoothie-tea-and-dessert-hayward@bobalover.com,1 Southland Mall Dr
sharetea-san-ramon,Sharetea,sharetea-san-ramon@oxy.edu,2441 San Ramon Valley Blvd
t4-castro-valley,T4,t4-castro-valley@yahoo.com,18911 Lake Chabot Rd
quickly-hayward,Quickly,quickly-hayward@aol.com,25034 Hesperian Blvd
8-twelve-oriental-market-san-leandro,8-Twelve Oriental Market,8-twelve-oriental-market-san-leandro@oxy.edu,596 E 14th St
polaris-ice-cream-rolls-hayward,Polaris Ice Cream Rolls,polaris-ice-cream-rolls-hayward@yahoo.com,595 Southland Mall
milkcow-castro-valley,Milkcow,milkcow-castro-valley@aol.com,3223 Castro Valley Blvd
satori-tea-company-saratoga,Satori Tea Company,satori-tea-company-saratoga@aol.com,14482 Big Basin Way
creative-sips-san-jose,Creative Sips,creative-sips-san-jose@bobalover.com,
saratoga-bagels-saratoga,Saratoga Bagels,saratoga-bagels-saratoga@oxy.edu,12840 Saratoga Sunnyvale Rd
snowflake-san-jose,Snowflake,snowflake-san-jose@oxy.edu,4306 Moorpark Ave
steepers-campbell,Steepers,steepers-campbell@yahoo.com,346 E Campbell Ave
yodo-yogurt-campbell,YoDo Yogurt,yodo-yogurt-campbell@yahoo.com,2475 S Winchester Blvd
caffé-central-santa-clara,Caffé Central,caffé-central-santa-clara@bobalover.com,2855 Stevens Creek Blvd
bar-code-santa-clara,Bar Code,bar-code-santa-clara@aol.com,2855 Stevens Crk Blvd
jovie-coffee-and-pho-campbell,Jovie Coffee & Pho,jovie-coffee-and-pho-campbell@gmail.com,136 N San Tomas Aquino
tous-les-jours-santa-clara,Tous Les Jours,tous-les-jours-santa-clara@oxy.edu,3535 Homestead Rd
menchies-frozen-yogurt-vallejo,Menchie's Frozen Yogurt,menchies-frozen-yogurt-vallejo@aol.com,972 Admiral Callaghan Ln
starbread-bakery-vallejo,Starbread Bakery,starbread-bakery-vallejo@gmail.com,3718 Sonoma Blvd
pho-1-vallejo,Pho #1,pho-1-vallejo@gmail.com,3885 Sonoma Blvd
sunshine-bakery-vallejo-3,Sunshine Bakery,sunshine-bakery-vallejo-3@yahoo.com,3570 Sonoma Blvd
original-red-onion-vallejo-2,Original Red Onion,original-red-onion-vallejo-2@gmail.com,1321 Springs Rd
yo-sushi-vallejo-2,Yo Sushi,yo-sushi-vallejo-2@bobalover.com,114 Robles Way
midori-japanese-cuisine-vallejo,Midori Japanese Cuisine,midori-japanese-cuisine-vallejo@yahoo.com,3440 Sonoma Blvd
pho-lee-hoa-phat-vallejo-2,Pho Lee Hoa Phat,pho-lee-hoa-phat-vallejo-2@aol.com,102 Springstowne Ctr
pho-saigon-village-noodle-house-vallejo,Pho Saigon Village Noodle House,pho-saigon-village-noodle-house-vallejo@yahoo.com,3636 Sonoma Blvd
pho-lee-hoa-phat-2-vallejo-3,Pho Lee Hoa Phat 2,pho-lee-hoa-phat-2-vallejo-3@oxy.edu,3495 Sonoma Blvd
chowking-vallejo,Chowking,chowking-vallejo@bobalover.com,3495 Sonoma Blvd
tacos-jalisco-vallejo,Tacos Jalisco,tacos-jalisco-vallejo@gmail.com,3420 Sonoma Blvd
menchies-frozen-yogurt-belmont-2,Menchie's Frozen Yogurt,menchies-frozen-yogurt-belmont-2@gmail.com,1200 El Camino Real
fashion-wok-foster-city,Fashion Wok,fashion-wok-foster-city@yahoo.com,929 A Edgewater Blvd
pho-new-saigon-foster-city,Pho New Saigon,pho-new-saigon-foster-city@yahoo.com,1088 Foster City Blvd
hongry-kong-belmont-2,Hongry Kong,hongry-kong-belmont-2@yahoo.com,
marina-food-san-mateo,Marina Food,marina-food-san-mateo@bobalover.com,2992 S Norfolk St
cooking-papa-restaurant-foster-city,Cooking Papa Restaurant,cooking-papa-restaurant-foster-city@gmail.com,949A Edgewater Blvd
sheng-kee-bakery-san-mateo-2,Sheng Kee Bakery,sheng-kee-bakery-san-mateo-2@aol.com,2964 S Norfolk St
eat-on-monday-mountain-view-3,Eat On Monday,eat-on-monday-mountain-view-3@oxy.edu,
pho-little-saigon-san-mateo,Pho Little Saigon,pho-little-saigon-san-mateo@yahoo.com,2978 S Norfolk St
myung-dong-tofu-cabin-san-mateo,Myung Dong Tofu Cabin,myung-dong-tofu-cabin-san-mateo@bobalover.com,2968 S Norfolk St
bagel-street-cafe-redwood-city,Bagel Street Cafe,bagel-street-cafe-redwood-city@yahoo.com,254 Redwood Shores Pkwy
east-14th-bakery-and-cafe-san-leandro-3,East 14th Bakery & Cafe,east-14th-bakery-and-cafe-san-leandro-3@bobalover.com,1780 E 14th St
tapioca-express-san-leandro,Tapioca Express,tapioca-express-san-leandro@aol.com,129 W Joaquin Ave
quickly-san-leandro,Quickly,quickly-san-leandro@aol.com,15251 Hesperian Blvd
sweethoney-dessert-san-leandro-3,Sweethoney Dessert,sweethoney-dessert-san-leandro-3@oxy.edu,1423 E 14th St
hanoi-chicken-noodle-san-leandro,Hanoi Chicken Noodle,hanoi-chicken-noodle-san-leandro@oxy.edu,13720 Doolittle Dr
loving-tea-san-leandro,Loving Tea,loving-tea-san-leandro@gmail.com,1338 Fairmont Dr
cafe-sorriso-san-leandro,Cafe Sorriso,cafe-sorriso-san-leandro@bobalover.com,1501 Washington Ave
d-t-dim-sum-and-tea-san-leandro,D T Dim Sum & Tea,d-t-dim-sum-and-tea-san-leandro@gmail.com,1970 Lewelling Blvd
milk-and-cookie-bar-castro-valley-3,Milk & Cookie Bar,milk-and-cookie-bar-castro-valley-3@yahoo.com,18911 Lake Chabot Rd
sweet-dee-cupcakes-and-snow-ice-san-leandro,Sweet Dee Cupcakes & Snow Ice,sweet-dee-cupcakes-and-snow-ice-san-leandro@oxy.edu,109 Pelton Ctr Way
quickly-san-lorenzo,Quickly,quickly-san-lorenzo@yahoo.com,17940 Hesperian Blvd
tapioca-express-alameda,Tapioca Express,tapioca-express-alameda@yahoo.com,2306 Encinal Ave
leisure-cafe-san-leandro-2,Leisure Cafe,leisure-cafe-san-leandro-2@aol.com,1443 E 14th St
quickly-castro-valley,Quickly,quickly-castro-valley@gmail.com,20893 Redwood Rd
china-kitchen-express-san-leandro,China Kitchen Express,china-kitchen-express-san-leandro@yahoo.com,13780 E 14th St
pho-an-hoa-san-leandro,Pho An Hoa,pho-an-hoa-san-leandro@gmail.com,14391 Washington Ave
tuttimelon-alameda,Tuttimelon,tuttimelon-alameda@bobalover.com,2402 Central Ave
banh-mi-ba-le-oakland,Banh Mi Ba Le,banh-mi-ba-le-oakland@oxy.edu,1909 International Blvd
pokeatery-castro-valley,Pokeatery,pokeatery-castro-valley@oxy.edu,18911 Lake Chabot Rd
hot-spot-alameda,Hot Spot,hot-spot-alameda@yahoo.com,2321 Santa Clara Ave
worlds-fare-donuts-hayward,World's Fare Donuts,worlds-fare-donuts-hayward@aol.com,20770 Hesperian Blvd
taqueria-los-pericos-san-leandro,Taqueria Los Pericos,taqueria-los-pericos-san-leandro@aol.com,1389 E 14th St
pho-anh-ha-san-leandro,Pho Anh-Ha,pho-anh-ha-san-leandro@yahoo.com,2089 E 14th St
craw-station-san-leandro,Craw Station,craw-station-san-leandro@bobalover.com,15040 Farnsworth St
r-and-d-cafe-san-lorenzo,R & D Cafe,r-and-d-cafe-san-lorenzo@bobalover.com,15813 Channel St
munch-hayward,Munch,munch-hayward@gmail.com,27560 Tampa Ave
foodnet-supermarket-san-leandro-2,Foodnet Supermarket,foodnet-supermarket-san-leandro-2@aol.com,1960 Lewelling Blvd
yo-bowl-hayward,Yo Bowl,yo-bowl-hayward@yahoo.com,8 Southland Mall
yogurt-hill-hayward-4,Yogurt Hill,yogurt-hill-hayward-4@aol.com,1081 B St
alohana-hawaiian-grill-san-leandro,Alohana Hawaiian Grill,alohana-hawaiian-grill-san-leandro@yahoo.com,15555 E 14th St
